Gender,Id,Label
1,259150,259150
0,198199,198199
0,247179,247179
0,246348,246348
1,257360,257360
0,245915,245915
0,248142,248142
0,249833,249833
1,250493,250493
1,257979,257979
0,252952,252952
0,247720,247720
1,262206,262206
1,259970,259970
1,258255,258255
1,245733,245733
1,258086,258086
0,250187,250187
0,237850,237850
1,263794,263794
0,260723,260723
1,245783,245783
0,257155,257155
1,250139,250139
0,257182,257182
1,247492,247492
1,257164,257164
0,261184,261184
0,250832,250832
0,251795,251795
1,260054,260054
1,247414,247414
0,250835,250835
1,258049,258049
1,247290,247290
1,251191,251191
1,217662,217662
1,260379,260379
0,257439,257439
1,241875,241875
1,246948,246948
1,258267,258267
1,230727,230727
0,234766,234766
1,250651,250651
0,244426,244426
0,252256,252256
0,257236,257236
0,260924,260924
1,257472,257472
1,231063,231063
1,257208,257208
0,246873,246873
0,237717,237717
0,258755,258755
1,249420,249420
1,246868,246868
0,247516,247516
0,247890,247890
1,246751,246751
0,264126,264126
0,262790,262790
0,259325,259325
1,258393,258393
1,247273,247273
0,251752,251752
1,250060,250060
1,246995,246995
0,259082,259082
0,239509,239509
0,237815,237815
0,258460,258460
0,258934,258934
0,247142,247142
1,249755,249755
0,264542,264542
